template_code,report_title,department
TEM - Audit Report,IPM Audit Report,IPM Department
TEM - Audit Report,IPM Audit Report,Galley
TEM - Audit Report,IPM Audit Report,Messes
TEM - Audit Report,IPM Audit Report,Provisions
TEM - Audit Report,IPM Audit Report,Bars
TEM - Audit Report,IPM Audit Report,Restaurant
TEM - Audit Report,IPM Audit Report,Housekeeping
TEM - Audit Report,IPM Audit Report,Recycling Centre
TEM - Audit Report,IPM Audit Report,Laundry
TEM - Audit Report,IPM Audit Report,Deck
TEM - Audit Report,IPM Audit Report,Technical
