template_code,reference_code
TEM - Audit Report,TXT - IPM Dept
TEM - Audit Report,Criteria - IPM Resp
TEM - Audit Report,IPM Plan - IPM Resp
TEM - Audit Report,Criteria - IPM Docs
TEM - Audit Report,IPM Plan - IPM Docs
TEM - Audit Report,QTN - IPM Docs
TEM - Audit Report,Criteria - PCL
TEM - Audit Report,IPM Plan - PCL
TEM - Audit Report,QTN - PCL
TEM - Audit Report,Criteria - Galley
TEM - Audit Report,IPM Plan - Galley
TEM - Audit Report,TXT - Pest Obs
TEM - Audit Report,QTN - Pest Obs
TEM - Audit Report,Criteria - CRT
TEM - Audit Report,IPM Plan - CRT
TEM - Audit Report,QTN - CRT
TEM - Audit Report,Criteria - EFK
TEM - Audit Report,IPM Plan - EFK
TEM - Audit Report,Criteria - EFK Future
TEM - Audit Report,IPM Plan - EFK Future
TEM - Audit Report,QTN - EFK
TEM - Audit Report,Criteria - Messes
TEM - Audit Report,IPM Plan - Messes
TEM - Audit Report,Criteria - Provisions
TEM - Audit Report,IPM Plan - Provisions
TEM - Audit Report,Criteria - Bars
TEM - Audit Report,IPM Plan - Bars
TEM - Audit Report,Criteria - Restaurant
TEM - Audit Report,IPM Plan - Restaurant
TEM - Audit Report,Criteria - Housekeeping
TEM - Audit Report,IPM Plan - Housekeeping
TEM - Audit Report,Criteria - Recycling Centre
TEM - Audit Report,IPM Plan - Recycling Centre
TEM - Audit Report,Criteria - Laundry
TEM - Audit Report,IPM Plan - Laundry
TEM - Audit Report,Criteria - Deck
TEM - Audit Report,IPM Plan - Deck
TEM - Audit Report,Criteria - RG
TEM - Audit Report,IPM Plan - RG
TEM - Audit Report,QTN - RG
TEM - Audit Report,Criteria - Technical
TEM - Audit Report,IPM Plan - Technical
